,name,serving_size,calories,total_fat,saturated_fat,cholesterol,sodium,choline,folate,folic_acid,niacin,pantothenic_acid,riboflavin,thiamin,vitamin_a,vitamin_a_rae,carotene_alpha,carotene_beta,cryptoxanthin_beta,lutein_zeaxanthin,lucopene,vitamin_b12,vitamin_b6,vitamin_c,vitamin_d,vitamin_e,tocopherol_alpha,vitamin_k,calcium,copper,irom,magnesium,manganese,phosphorous,potassium,selenium,zink,protein,alanine,arginine,aspartic_acid,cystine,glutamic_acid,glycine,histidine,hydroxyproline,isoleucine,leucine,lysine,methionine,phenylalanine,proline,serine,threonine,tryptophan,tyrosine,valine,carbohydrate,fiber,sugars,fructose,galactose,glucose,lactose,maltose,sucrose,fat,saturated_fatty_acids,monounsaturated_fatty_acids,polyunsaturated_fatty_acids,fatty_acids_total_trans,alcohol,ash,caffeine,theobromine,water
3202,"Chicken breast tenders, uncooked, breaded",100 g,263,16g,3.3g,41mg,536.00 mg,96.4 mg,12.00 mcg,0.00 mcg,5.710 mg,0.855 mg,0.091 mg,0.211 mg,0.00 IU,0.00 mcg,0.00 mcg,0.00 mcg,0.00 mcg,0.00 mcg,0,0.27 mcg,0.041 mg,0.8 mg,9.00 IU,0.08 mg,0.08 mg,14.7 mcg,19.00 mg,0.205 mg,1.11 mg,23.00 mg,0.229 mg,211.00 mg,214.00 mg,24.7 mcg,0.78 mg,14.73 g,0.722 g,0.804 g,1.189 g,0.167 g,2.242 g,0.632 g,0.435 g,0.075 g,0.603 g,1.019 g,0.988 g,0.300 g,0.525 g,0.675 g,0.538 g,0.557 g,0.184 g,0.331 g,0.659 g,15.01 g,1.1 g,0.37 g,0.00 g,0.00 g,0.15 g,0.00 g,0.15 g,0.07 g,15.75 g,3.260 g,6.480 g,3.340 g,41.00 mg,0.0 g,1.77 g,0.00 mg,0.00 mg,52.74 g
1435,"Turkey breast, prepackaged, sliced",100 g,100,2.4g,0.3g,50mg,922.00 mg,33.1 mg,4.00 mcg,0.00 mcg,7.150 mg,0.320 mg,0.145 mg,0.038 mg,0.00 IU,0.00 mcg,0.00 mcg,0.00 mcg,0.00 mcg,0.00 mcg,0,0.37 mcg,0.410 mg,0.0 mg,2.00 IU,0.13 mg,0.13 mg,0.0 mcg,7.00 mg,0.024 mg,0.34 mg,20.00 mg,0.012 mg,234.00 mg,401.00 mg,13.0 mcg,0.80 mg,16.33 g,1.016 g,1.185 g,1.576 g,0.172 g,2.612 g,0.893 g,0.483 g,0.136 g,0.731 g,1.347 g,1.460 g,0.480 g,0.636 g,0.722 g,0.693 g,0.749 g,0.186 g,0.578 g,0.756 g,2.34 g,0.0 g,3.28 g,0,0,0,0,0,0,2.37 g,0.318 g,0.813 g,0.503 g,50.00 mg,0.0 g,3.13 g,0.00 mg,0.00 mg,75.83 g
1561,"Fish, raw, wild, Atlantic, salmon",100 g,142,6.3g,1g,55mg,44.00 mg,0,25.00 mcg,0.00 mcg,7.860 mg,1.664 mg,0.380 mg,0.226 mg,40.00 IU,12.00 mcg,0,0,0,0,0,3.18 mcg,0.818 mg,0.0 mg,0,0,0,0,12.00 mg,0.250 mg,0.80 mg,29.00 mg,0.016 mg,200.00 mg,490.00 mg,36.5 mcg,0.64 mg,19.84 g,1.200 g,1.187 g,2.032 g,0.213 g,2.962 g,0.952 g,0.584 g,0,0.914 g,1.613 g,1.822 g,0.587 g,0.775 g,0.702 g,0.809 g,0.870 g,0.222 g,0.670 g,1.022 g,0.00 g,0.0 g,0,0,0,0,0,0,0,6.34 g,0.981 g,2.103 g,2.539 g,55.00 mg,0,2.54 g,0,0,68.50 g
1579,"Fish, raw, yellowfin, fresh, tuna",100 g,109,0.5g,0.2g,39mg,45.00 mg,65.0 mg,2.00 mcg,0.00 mcg,18.475 mg,0.280 mg,0.115 mg,0.118 mg,60.00 IU,18.00 mcg,0.00 mcg,0.00 mcg,0.00 mcg,0.00 mcg,0,2.08 mcg,0.933 mg,0.0 mg,69.00 IU,0.24 mg,0.24 mg,0.1 mcg,4.00 mg,0.036 mg,0.77 mg,35.00 mg,0.011 mg,278.00 mg,441.00 mg,90.6 mcg,0.37 mg,24.40 g,1.414 g,1.399 g,2.394 g,0.251 g,3.489 g,1.122 g,0.688 g,0,1.077 g,1.900 g,2.147 g,0.692 g,0.913 g,0.827 g,0.954 g,1.025 g,0.262 g,0.789 g,1.204 g,0.00 g,0.0 g,0.00 g,0,0,0,0,0,0,0.49 g,0.172 g,0.116 g,0.147 g,39.00 mg,0.0 g,1.64 g,0.00 mg,0.00 mg,74.03 g
1814,"Eggs",100 g,155,5.6g,1.1g,277mg,162.00 mg,255.7 mg,17.00 mcg,0.00 mcg,0.090 mg,0,0.300 mg,0.010 mg,410.00 IU,21.00 mcg,0.00 mcg,246.00 mcg,0.00 mcg,0.00 mcg,0,0.17 mcg,0.010 mg,0.0 mg,72.00 IU,0.84 mg,0.84 mg,1.8 mcg,17.00 mg,0.030 mg,0.23 mg,10.00 mg,0,30.00 mg,147.00 mg,22.9 mcg,0.14 mg,13.10 g,0,0,0,0,0,0,0,0,0,0,0,0,0,0,0,0,0,0,0,7.50 g,0.0 g,7.50 g,0,0,0,0,0,0,5.60 g,1.052 g,2.339 g,1.778 g,277.00 mg,0.0 g,1.10 g,0.00 mg,0.00 mg,72.70 g
1936,"Yogurt, nonfat, vanilla, Greek",100 g,78,0.2g,0.1g,3mg,34.00 mg,15.2 mg,11.00 mcg,0.00 mcg,0.201 mg,0.386 mg,0.240 mg,0.042 mg,0.00 IU,0.00 mcg,0.00 mcg,0.00 mcg,0.00 mcg,0.00 mcg,0,0.64 mcg,0.050 mg,0.0 mg,35.00 IU,0.02 mg,0.02 mg,0.1 mcg,99.00 mg,0.018 mg,0.04 mg,10.00 mg,0.008 mg,119.00 mg,123.00 mg,9.7 mcg,0.46 mg,8.64 g,0.211 g,0.148 g,0.391 g,0.045 g,0.965 g,0.119 g,0.122 g,0,0.269 g,0.497 g,0.442 g,0.145 g,0.269 g,0.584 g,0.305 g,0.202 g,0.028 g,0.249 g,0.408 g,10.37 g,0.5 g,9.54 g,1.92 g,0.60 g,0.32 g,2.63 g,0.00 g,4.07 g,0.18 g,0.133 g,0.039 g,0.009 g,3.00 mg,0.0 g,0.55 g,0.00 mg,0.00 mg,80.26 g
2678,"Cheese, 2% milkfat, lowfat, cottage",100 g,81,2.3g,1.2g,12mg,308.00 mg,16.3 mg,8.00 mcg,0.00 mcg,0.103 mg,0.524 mg,0.251 mg,0.020 mg,225.00 IU,68.00 mcg,0.00 mcg,6.00 mcg,0.00 mcg,0.00 mcg,0,0.47 mcg,0.057 mg,0.0 mg,0.00 IU,0.08 mg,0.08 mg,0.0 mcg,111.00 mg,0.033 mg,0.13 mg,9.00 mg,0.015 mg,150.00 mg,125.00 mg,11.9 mcg,0.51 mg,10.45 g,0.409 g,0.467 g,0.963 g,0.062 g,2.446 g,0.209 g,0.306 g,0,0.556 g,1.049 g,0.878 g,0.253 g,0.543 g,1.155 g,0.601 g,0.470 g,0.138 g,0.568 g,0.703 g,4.76 g,0.0 g,4.00 g,0.00 g,0.12 g,0.00 g,3.87 g,0.00 g,0.00 g,2.27 g,1.235 g,0.516 g,0.083 g,12.00 mg,0.0 g,1.27 g,0.00 mg,0.00 mg,81.24 g
3159,"Tofu, prepared with calcium sulfate, fried",100 g,270,20g,2.9g,0,16.00 mg,0,27.00 mcg,0.00 mcg,0.100 mg,0.140 mg,0.050 mg,0.170 mg,0.00 IU,0,0,0,0,0,0,0.00 mcg,0.099 mg,0.0 mg,0.00 IU,0,0,0,961.00 mg,0.398 mg,4.87 mg,95.00 mg,1.495 mg,287.00 mg,146.00 mg,28.5 mcg,1.99 mg,18.82 g,0.842 g,1.491 g,2.218 g,0.062 g,3.581 g,0.798 g,0.469 g,0,0.924 g,1.516 g,0.961 g,0.230 g,0.910 g,1.181 g,1.105 g,0.854 g,0.255 g,0.764 g,0.948 g,8.86 g,3.9 g,0,0,0,0,0,0,0,20.18 g,2.918 g,4.456 g,11.390 g,0.00 mg,0,1.62 g,0,0,50.52 g
3245,"Beef, raw, 95% lean meat / 5% fat, ground",100 g,137,5g,2.2g,62mg,66.00 mg,70.9 mg,5.00 mcg,0.00 mcg,5.494 mg,0.652 mg,0.151 mg,0.041 mg,14.00 IU,4.00 mcg,0.00 mcg,0.00 mcg,0.00 mcg,0.00 mcg,0,2.24 mcg,0.392 mg,0.0 mg,3.00 IU,0.17 mg,0.17 mg,0.3 mcg,9.00 mg,0.078 mg,2.38 mg,22.00 mg,0.010 mg,198.00 mg,346.00 mg,17.4 mcg,5.09 mg,21.41 g,1.342 g,1.395 g,1.930 g,0.221 g,3.213 g,1.454 g,0.696 g,0.272 g,0.947 g,1.671 g,1.775 g,0.551 g,0.836 g,1.092 g,0.858 g,0.829 g,0.109 g,0.659 g,1.053 g,0.00 g,0.0 g,0.00 g,0,0,0,0,0,0,5.00 g,2.182 g,1.994 g,0.257 g,62.00 mg,0.0 g,1.05 g,0.00 mg,0.00 mg,73.24 g
3860,"Pork, raw or unheated, breakfast strips, cured",100 g,388,37g,13g,69mg,987.00 mg,0,3.00 mcg,0.00 mcg,3.650 mg,0.476 mg,0.180 mg,0.475 mg,0.00 IU,0.00 mcg,0,0,0,0,0,0.99 mcg,0.210 mg,27.2 mg,0,0,0,0,8.00 mg,0.063 mg,0.94 mg,12.00 mg,0.030 mg,137.00 mg,204.00 mg,25.0 mcg,1.66 mg,11.74 g,0.657 g,0.717 g,0.969 g,0.120 g,1.611 g,0.839 g,0.338 g,0,0.477 g,0.817 g,0.871 g,0.259 g,0.453 g,0.623 g,0.441 g,0.451 g,0.113 g,0.342 g,0.565 g,0.70 g,0.0 g,0,0,0,0,0,0,0,37.16 g,12.910 g,16.790 g,5.550 g,69.00 mg,0,3.00 g,0,0,47.41 g
4387,"Crustaceans, cooked (not previously frozen), shrimp",100 g,99,0.3g,0.1g,189mg,0,0,0,0,0,0,0,0,0,0,0,0,0,0,0,0,0,0,0,0,0,0,0,0,0,0,0,0,0,0,0,23.98 g,0,0,0,0,0,0,0,0,0,0,0,0,0,0,0,0,0,0,0,0.20 g,0,0,0,0,0,0,0,0,0.28 g,0.056 g,0.048 g,0.079 g,189.00 mg,0,1.22 g,0,0,74.33 g
6778,"Fish, drained solids with bone, canned in oil, Atlantic, sardine",100 g,208,11g,1.5g,142mg,307.00 mg,75.0 mg,10.00 mcg,0.00 mcg,5.245 mg,0.642 mg,0.227 mg,0.080 mg,108.00 IU,32.00 mcg,0.00 mcg,0.00 mcg,0.00 mcg,0.00 mcg,0,8.94 mcg,0.167 mg,0.0 mg,193.00 IU,2.04 mg,2.04 mg,2.6 mcg,382.00 mg,0.186 mg,2.92 mg,39.00 mg,0.108 mg,490.00 mg,397.00 mg,52.7 mcg,1.31 mg,24.62 g,1.489 g,1.473 g,2.520 g,0.264 g,3.674 g,1.181 g,0.725 g,0,1.134 g,2.001 g,2.260 g,0.729 g,0.961 g,0.870 g,1.004 g,1.079 g,0.276 g,0.831 g,1.268 g,0.00 g,0.0 g,0.00 g,0,0,0,0,0,0,11.45 g,1.528 g,3.869 g,5.148 g,142.00 mg,0.0 g,3.38 g,0.00 mg,0.00 mg,59.61 g
264,"Fish, raw, tilapia",100 g,96,1.7g,0.6g,50mg,52.00 mg,42.5 mg,24.00 mcg,0.00 mcg,3.903 mg,0.487 mg,0.063 mg,0.041 mg,0.00 IU,0.00 mcg,0.00 mcg,0.00 mcg,0.00 mcg,0.00 mcg,0,1.58 mcg,0.162 mg,0.0 mg,124.00 IU,0.40 mg,0.40 mg,1.4 mcg,10.00 mg,0.075 mg,0.56 mg,27.00 mg,0.037 mg,170.00 mg,302.00 mg,41.8 mcg,0.33 mg,20.08 g,1.220 g,1.277 g,2.297 g,0.220 g,3.213 g,1.043 g,0.470 g,0,0.930 g,1.603 g,1.810 g,0.593 g,0.810 g,0.757 g,0.813 g,0.950 g,0.210 g,0.680 g,0.970 g,0.00 g,0.0 g,0.00 g,0,0,0,0,0,0,1.70 g,0.585 g,0.498 g,0.363 g,50.00 mg,0.0 g,0.93 g,0.00 mg,0.00 mg,78.08 g
986,"Beans, home prepared, baked",100 g,155,5.2g,1.9g,5mg,422.00 mg,0,48.00 mcg,0.00 mcg,0.408 mg,0.155 mg,0.049 mg,0.136 mg,0.00 IU,0.00 mcg,0,0,0,0,0,0.00 mcg,0.090 mg,1.1 mg,0.00 IU,0,0,0,61.00 mg,0.159 mg,1.99 mg,43.00 mg,0.255 mg,109.00 mg,358.00 mg,5.7 mcg,0.73 mg,5.54 g,0.236 g,0.356 g,0.637 g,0.062 g,0.841 g,0.232 g,0.153 g,0,0.242 g,0.428 g,0.379 g,0.086 g,0.287 g,0.239 g,0.288 g,0.228 g,0.067 g,0.155 g,0.282 g,21.63 g,5.5 g,0,0,0,0,0,0,0,5.15 g,1.948 g,2.133 g,0.740 g,5.00 mg,0,2.51 g,0,0,65.17 g
6118,"Chickpeas (garbanzo beans, bengal gram), raw, mature seeds",100 g,378,6g,0.6g,0,24.00 mg,99.3 mg,557.00 mcg,0.00 mcg,1.541 mg,1.588 mg,0.212 mg,0.477 mg,67.00 IU,3.00 mcg,0.00 mcg,40.00 mcg,0.00 mcg,0.00 mcg,0,0.00 mcg,0.535 mg,4.0 mg,0.00 IU,0.82 mg,0.82 mg,9.0 mcg,57.00 mg,0.656 mg,4.31 mg,79.00 mg,21.306 mg,252.00 mg,718.00 mg,0.0 mcg,2.76 mg,20.47 g,0.882 g,1.939 g,2.422 g,0.279 g,3.603 g,0.857 g,0.566 g,0,0.882 g,1.465 g,1.377 g,0.270 g,1.103 g,0.849 g,1.036 g,0.766 g,0.200 g,0.512 g,0.865 g,62.95 g,12.2 g,10.70 g,0,0,0,0,0,0,6.04 g,0.603 g,1.377 g,2.731 g,0.00 mg,0.0 g,2.85 g,0.00 mg,0.00 mg,7.68 g
39,"Lentils, raw, sprouted",100 g,106,0.6g,0.1g,0,11.00 mg,0,100.00 mcg,0.00 mcg,1.128 mg,0.578 mg,0.128 mg,0.228 mg,45.00 IU,2.00 mcg,0,0,0,0,0,0.00 mcg,0.190 mg,16.5 mg,0.00 IU,0,0,0,25.00 mg,0.352 mg,3.21 mg,37.00 mg,0.506 mg,173.00 mg,322.00 mg,0.6 mcg,1.51 mg,8.96 g,0.356 g,0.611 g,1.433 g,0.334 g,1.258 g,0.319 g,0.257 g,0,0.326 g,0.628 g,0.712 g,0.105 g,0.442 g,0.356 g,0.495 g,0.328 g,0,0.252 g,0.399 g,22.14 g,0,0,0,0,0,0,0,0,0.55 g,0.057 g,0.104 g,0.219 g,0.00 mg,0,1.00 g,0,0,67.34 g
922,"Edamame, unprepared, frozen",100 g,109,4.7g,,0,6.00 mg,56.0 mg,303.00 mcg,0.00 mcg,0.925 mg,0.535 mg,0.265 mg,0.150 mg,0,0,0,0,0,0,0,0,0.135 mg,9.7 mg,0,0.72 mg,0.72 mg,31.4 mcg,60.00 mg,0.324 mg,2.11 mg,61.00 mg,1.010 mg,161.00 mg,482.00 mg,0,1.32 mg,11.22 g,0.421 g,0.682 g,1.270 g,0.117 g,1.903 g,0.409 g,0.252 g,0.000 g,0.283 g,0.702 g,0.702 g,0.133 g,0.460 g,0.647 g,0.627 g,0.312 g,0.119 g,0.317 g,0.305 g,7.61 g,4.8 g,2.48 g,0.21 g,0.00 g,0.00 g,0.00 g,1.14 g,1.13 g,4.73 g,0,0,0,0,0.0 g,1.27 g,0.00 mg,0.00 mg,75.17 g
2724,"Rice, unenriched, raw, short-grain, white",100 g,358,0.5g,0.1g,0,1.00 mg,0,6.00 mcg,0.00 mcg,1.600 mg,1.287 mg,0.048 mg,0.070 mg,0,0,0,0,0,0,0,0.00 mcg,0.171 mg,0.0 mg,0.00 IU,0,0,0,3.00 mg,0.210 mg,0.80 mg,23.00 mg,1.037 mg,95.00 mg,76.00 mg,0,1.10 mg,6.50 g,0.377 g,0.542 g,0.611 g,0.133 g,1.268 g,0.296 g,0.153 g,0,0.281 g,0.538 g,0.235 g,0.153 g,0.348 g,0.306 g,0.342 g,0.233 g,0.075 g,0.217 g,0.397 g,79.15 g,0,0,0,0,0,0,0,0,0.52 g,0.140 g,0.161 g,0.138 g,0.00 mg,0,0.54 g,0,0,13.29 g
443,"Quinoa, uncooked",100 g,368,6.1g,0.7g,0,5.00 mg,70.2 mg,184.00 mcg,0.00 mcg,1.520 mg,0.772 mg,0.318 mg,0.360 mg,14.00 IU,1.00 mcg,0.00 mcg,8.00 mcg,1.00 mcg,163.00 mcg,0,0.00 mcg,0.487 mg,0,0.00 IU,2.44 mg,2.44 mg,0.0 mcg,47.00 mg,0.590 mg,4.57 mg,197.00 mg,2.033 mg,457.00 mg,563.00 mg,8.5 mcg,3.10 mg,14.12 g,0.588 g,1.091 g,1.134 g,0.203 g,1.865 g,0.694 g,0.407 g,0,0.504 g,0.840 g,0.766 g,0.309 g,0.593 g,0.773 g,0.567 g,0.421 g,0.167 g,0.267 g,0.594 g,64.16 g,7.0 g,0,0,0,0,0,0,0,6.07 g,0.706 g,1.613 g,3.292 g,0.00 mg,0,2.38 g,0,0,13.28 g
677,Oats,100 g,389,6.9g,1.2g,0,2.00 mg,0,56.00 mcg,0.00 mcg,0.961 mg,1.349 mg,0.139 mg,0.763 mg,0.00 IU,0.00 mcg,0,0,0,0,0,0.00 mcg,0.119 mg,0.0 mg,0.00 IU,0,0,0,54.00 mg,0.626 mg,4.72 mg,177.00 mg,4.916 mg,523.00 mg,429.00 mg,0,3.97 mg,16.89 g,0.881 g,1.192 g,1.448 g,0.408 g,3.712 g,0.841 g,0.405 g,0,0.694 g,1.284 g,0.701 g,0.312 g,0.895 g,0.934 g,0.750 g,0.575 g,0.234 g,0.573 g,0.937 g,66.27 g,10.6 g,0,0,0,0,0,0,0,6.90 g,1.217 g,2.178 g,2.535 g,0.00 mg,0.0 g,1.72 g,0,0,8.22 g
4864,"Sweet Potatoes, unprepared, frozen, crosscut, french fried",100 g,209,11g,0.9g,0,214.00 mg,0,0,0,0,0,0,0,3320.00 IU,0,0,0,0,0,0,0,0,4.2 mg,0,0,0,0,39.00 mg,0,0.44 mg,0,0,0,244.00 mg,0,0,1.70 g,0,0,0,0,0,0,0,0,0,0,0,0,0,0,0,0,0,0,0,25.52 g,3.4 g,6.46 g,0,0,0,0,0,0,11.10 g,0.930 g,0,0,0.00 mg,0,1.09 g,0,0,60.59 g
451,"Bread, oat bran",100 g,236,4.4g,0.7g,0,353.00 mg,18.7 mg,81.00 mcg,56.00 mcg,4.831 mg,0.581 mg,0.346 mg,0.504 mg,5.00 IU,2.00 mcg,0.00 mcg,0.00 mcg,0.00 mcg,46.00 mcg,0,0.00 mcg,0.073 mg,0.0 mg,0.00 IU,0.44 mg,0.44 mg,1.2 mcg,65.00 mg,0.135 mg,3.12 mg,35.00 mg,0.779 mg,141.00 mg,147.00 mg,30.0 mcg,0.89 mg,10.40 g,0.370 g,0.445 g,0.547 g,0.234 g,3.162 g,0.395 g,0.225 g,0,0.399 g,0.733 g,0.297 g,0.179 g,0.518 g,1.055 g,0.502 g,0.299 g,0.131 g,0.324 g,0.461 g,39.80 g,4.5 g,7.70 g,0,0,0,0,0,0,4.40 g,0.697 g,1.590 g,1.694 g,0.00 mg,0.0 g,1.50 g,0.00 mg,0.00 mg,44.00 g
6144,"Pasta, dry, remaining unenriched semolina, 51% whole wheat, whole grain",100 g,362,2.7g,0.4g,0,11.00 mg,0,59.00 mcg,0.00 mcg,7.948 mg,0.800 mg,0.193 mg,0.371 mg,0,0,0,0,0,0,0,0,0.280 mg,0,0,0.17 mg,0.17 mg,0.9 mcg,27.00 mg,0.426 mg,3.33 mg,104.00 mg,2.242 mg,287.00 mg,366.00 mg,69.4 mcg,2.40 mg,13.51 g,0,0,0,0,0,0,0,0,0,0,0,0,0,0,0,0,0,0,0,73.10 g,10.1 g,2.60 g,0.20 g,0.00 g,0.20 g,0.00 g,1.60 g,0.60 g,2.68 g,0.351 g,0.281 g,0.928 g,0,0,1.87 g,0,0,8.85 g
160,Barley flour or meal,100 g,345,1.6g,0.3g,0,4.00 mg,37.8 mg,8.00 mcg,0.00 mcg,6.269 mg,0.145 mg,0.114 mg,0.370 mg,0.00 IU,0.00 mcg,0.00 mcg,0.00 mcg,0.00 mcg,160.00 mcg,0,0.00 mcg,0.396 mg,0.0 mg,0.00 IU,0.57 mg,0.57 mg,2.2 mcg,32.00 mg,0.343 mg,2.68 mg,96.00 mg,1.034 mg,296.00 mg,309.00 mg,37.7 mcg,2.00 mg,10.50 g,0.409 g,0.526 g,0.655 g,0.232 g,2.741 g,0.380 g,0.236 g,0,0.383 g,0.713 g,0.391 g,0.202 g,0.589 g,1.247 g,0.443 g,0.356 g,0.175 g,0.301 g,0.515 g,74.52 g,10.1 g,0.80 g,0,0,0,0,0,0,1.60 g,0.335 g,0.205 g,0.771 g,0.00 mg,0.0 g,1.28 g,0.00 mg,0.00 mg,12.11 g
682,"Corn, raw, white, sweet",100 g,86,1.2g,0.2g,0,15.00 mg,0,46.00 mcg,0.00 mcg,1.700 mg,0.760 mg,0.060 mg,0.200 mg,1.00 IU,0.00 mcg,0.00 mcg,1.00 mcg,0.00 mcg,34.00 mcg,0,0.00 mcg,0.055 mg,6.8 mg,0.00 IU,0.07 mg,0.07 mg,0.3 mcg,2.00 mg,0.054 mg,0.52 mg,37.00 mg,0.161 mg,89.00 mg,270.00 mg,0.6 mcg,0.45 mg,3.22 g,0.295 g,0.131 g,0.244 g,0.026 g,0.636 g,0.127 g,0.089 g,0,0.129 g,0.348 g,0.137 g,0.067 g,0.150 g,0.292 g,0.153 g,0.129 g,0.023 g,0.123 g,0.185 g,19.02 g,2.7 g,3.22 g,0,0,0,0,0,0,1.18 g,0.182 g,0.347 g,0.559 g,0.00 mg,0.0 g,0.62 g,0.00 mg,0.00 mg,75.96 g
1239,"Plantains, fried, green",100 g,309,12g,3.7g,0,2.00 mg,0,15.00 mcg,0,0.818 mg,0.388 mg,0.102 mg,0.047 mg,1192.00 IU,60.00 mcg,332.00 mcg,548.00 mcg,2.00 mcg,0,0,0,0.264 mg,3.4 mg,0,0,0,0,4.00 mg,0.183 mg,0.67 mg,58.00 mg,0.188 mg,44.00 mg,482.00 mg,0,0.23 mg,1.50 g,0,0,0,0,0,0,0,0,0,0,0,0,0,0,0,0,0,0,0,49.17 g,3.5 g,3.63 g,0.66 g,0.00 g,0.61 g,0.00 g,0.00 g,2.36 g,11.81 g,3.690 g,4.353 g,2.697 g,0,0,1.44 g,0,0,36.08 g
2780,"Spinach, unprepared, chopped or leaf, frozen",100 g,29,0.6g,,0,74.00 mg,22.1 mg,145.00 mcg,0.00 mcg,0.507 mg,0.094 mg,0.224 mg,0.094 mg,11726.00 IU,586.00 mcg,0.00 mcg,7035.00 mcg,0.00 mcg,12651.00 mcg,0,0.00 mcg,0.172 mg,5.5 mg,0.00 IU,2.90 mg,2.90 mg,372.0 mcg,129.00 mg,0.144 mg,1.89 mg,75.00 mg,0.704 mg,49.00 mg,346.00 mg,6.0 mcg,0.56 mg,3.63 g,0.218 g,0.481 g,0.429 g,0.029 g,0.508 g,0.221 g,0.049 g,0,0.126 g,0.202 g,0.251 g,0.052 g,0.207 g,0.198 g,0.170 g,0.217 g,0.100 g,0.215 g,0.178 g,4.21 g,2.9 g,0.65 g,0.18 g,0.00 g,0.24 g,0.00 g,0.00 g,0.24 g,0.57 g,0.041 g,0.000 g,0.082 g,0.00 mg,0.0 g,1.43 g,0.00 mg,0.00 mg,90.17 g
2912,"Kale, without salt, drained, boiled, cooked",100 g,28,0.4g,0.1g,0,23.00 mg,0.4 mg,13.00 mcg,0.00 mcg,0.500 mg,0.049 mg,0.070 mg,0.053 mg,13621.00 IU,681.00 mcg,0.00 mcg,8173.00 mcg,0.00 mcg,18246.00 mcg,0,0.00 mcg,0.138 mg,41.0 mg,0.00 IU,0.85 mg,0.85 mg,817.0 mcg,72.00 mg,0.156 mg,0.90 mg,18.00 mg,0.416 mg,28.00 mg,228.00 mg,0.9 mcg,0.24 mg,1.90 g,0.096 g,0.106 g,0.170 g,0.025 g,0.216 g,0.092 g,0.040 g,0,0.114 g,0.133 g,0.114 g,0.018 g,0.097 g,0.113 g,0.080 g,0.085 g,0.023 g,0.067 g,0.104 g,5.63 g,2.0 g,1.25 g,0,0,0,0,0,0,0.40 g,0.052 g,0.030 g,0.193 g,0.00 mg,0.0 g,0.87 g,0.00 mg,0.00 mg,91.20 g
3603,"Broccoli, without salt, drained, boiled, cooked",100 g,35,0.4g,0.1g,0,41.00 mg,40.1 mg,108.00 mcg,0.00 mcg,0.553 mg,0.616 mg,0.123 mg,0.063 mg,1548.00 IU,77.00 mcg,0.00 mcg,929.00 mcg,0.00 mcg,1080.00 mcg,0,0.00 mcg,0.200 mg,64.9 mg,0.00 IU,1.45 mg,1.45 mg,141.1 mcg,40.00 mg,0.061 mg,0.67 mg,21.00 mg,0.194 mg,67.00 mg,293.00 mg,1.6 mcg,0.45 mg,2.38 g,0.114 g,0.200 g,0.329 g,0.031 g,0.549 g,0.101 g,0.063 g,0,0.092 g,0.147 g,0.155 g,0.043 g,0.116 g,0.111 g,0.129 g,0.096 g,0.034 g,0.060 g,0.138 g,7.18 g,3.3 g,1.39 g,0.74 g,0.00 g,0.49 g,0.00 g,0.00 g,0.08 g,0.41 g,0.079 g,0.040 g,0.170 g,0.00 mg,0.0 g,0.77 g,0.00 mg,0.00 mg,89.25 g
3683,"Cauliflower, with salt, drained, boiled, cooked",100 g,23,0.5g,0.1g,0,242.00 mg,39.1 mg,44.00 mcg,0.00 mcg,0.410 mg,0.508 mg,0.052 mg,0.042 mg,12.00 IU,1.00 mcg,0.00 mcg,7.00 mcg,0.00 mcg,29.00 mcg,0,0.00 mcg,0.173 mg,44.3 mg,0.00 IU,0.07 mg,0.07 mg,13.8 mcg,16.00 mg,0.018 mg,0.32 mg,9.00 mg,0.132 mg,32.00 mg,142.00 mg,0.6 mcg,0.17 mg,1.84 g,0.097 g,0.089 g,0.216 g,0.021 g,0.245 g,0.059 g,0.037 g,0,0.070 g,0.107 g,0.099 g,0.026 g,0.066 g,0.079 g,0.096 g,0.067 g,0.024 g,0.040 g,0.092 g,4.11 g,2.3 g,1.86 g,0,0,0,0,0,0,0.45 g,0.070 g,0.032 g,0.217 g,0.00 mg,0,0.60 g,0,0,93.00 g
3809,"Carrots, without salt, drained, boiled, cooked",100 g,35,0.2g,,0,58.00 mg,8.8 mg,14.00 mcg,0.00 mcg,0.645 mg,0.232 mg,0.044 mg,0.066 mg,17033.00 IU,852.00 mcg,3776.00 mcg,8332.00 mcg,0.00 mcg,687.00 mcg,0,0.00 mcg,0.153 mg,3.6 mg,0.00 IU,1.03 mg,1.03 mg,13.7 mcg,30.00 mg,0.017 mg,0.34 mg,10.00 mg,0.155 mg,30.00 mg,235.00 mg,0.7 mcg,0.20 mg,0.76 g,0.093 g,0.075 g,0.156 g,0.068 g,0.301 g,0.038 g,0.033 g,0,0.063 g,0.084 g,0.083 g,0.017 g,0.050 g,0.044 g,0.044 g,0.157 g,0.010 g,0.035 g,0.056 g,8.22 g,3.0 g,3.45 g,0.36 g,0.00 g,0.40 g,0.00 g,0.00 g,2.70 g,0.18 g,0.030 g,0.006 g,0.089 g,0.00 mg,0.0 g,0.67 g,0.00 mg,0.00 mg,90.17 g
3537,"Peppers, unprepared, chopped, frozen, red, sweet",100 g,20,0.2g,,0,5.00 mg,4.3 mg,14.00 mcg,0.00 mcg,1.370 mg,0.030 mg,0.038 mg,0.069 mg,2428.00 IU,121.00 mcg,15.00 mcg,1259.00 mcg,380.00 mcg,39.00 mcg,0,0.00 mcg,0.137 mg,58.7 mg,0.00 IU,1.23 mg,1.23 mg,3.8 mcg,9.00 mg,0.053 mg,0.62 mg,8.00 mg,0.117 mg,17.00 mg,91.00 mg,0.2 mcg,0.06 mg,1.08 g,0.044 g,0.052 g,0.154 g,0.021 g,0.142 g,0.040 g,0.022 g,0,0.035 g,0.056 g,0.048 g,0.013 g,0.033 g,0.047 g,0.043 g,0.040 g,0.014 g,0.022 g,0.045 g,4.45 g,1.6 g,3.26 g,0,0,0,0,0,0,0.21 g,0.031 g,0.014 g,0.113 g,0.00 mg,0.0 g,0.30 g,0.00 mg,0.00 mg,93.96 g
1995,"Mushrooms, grilled, portabella",100 g,29,0.6g,0.1g,0,11.00 mg,32.8 mg,19.00 mcg,0.00 mcg,6.255 mg,1.262 mg,0.403 mg,0.072 mg,0.00 IU,0.00 mcg,0.00 mcg,0.00 mcg,0.00 mcg,0.00 mcg,0,0.00 mcg,0.122 mg,0.0 mg,14.00 IU,0.00 mg,0.00 mg,0.0 mcg,3.00 mg,0.389 mg,0.40 mg,13.00 mg,0.067 mg,135.00 mg,437.00 mg,21.9 mcg,0.65 mg,3.28 g,0.185 g,0.120 g,0.260 g,0.020 g,0.470 g,0.110 g,0.065 g,0,0.090 g,0.150 g,0.110 g,0.035 g,0.100 g,0.115 g,0.120 g,0.125 g,0.045 g,0.070 g,0.410 g,4.44 g,2.2 g,2.26 g,0.00 g,0.00 g,2.26 g,0.00 g,0.00 g,0.00 g,0.58 g,0.064 g,0.009 g,0.232 g,0.00 mg,0.0 g,1.05 g,0.00 mg,0.00 mg,90.66 g
3988,"Asparagus, with salt, drained, boiled, cooked",100 g,22,0.2g,,0,240.00 mg,26.1 mg,149.00 mcg,0.00 mcg,1.084 mg,0.225 mg,0.139 mg,0.162 mg,1006.00 IU,50.00 mcg,0.00 mcg,604.00 mcg,0.00 mcg,771.00 mcg,0,0.00 mcg,0.079 mg,7.7 mg,0.00 IU,1.50 mg,1.50 mg,50.6 mcg,23.00 mg,0.165 mg,0.91 mg,14.00 mg,0.154 mg,54.00 mg,224.00 mg,6.1 mcg,0.60 mg,2.40 g,0.125 g,0.099 g,0.555 g,0.034 g,0.255 g,0.101 g,0.053 g,0,0.082 g,0.140 g,0.113 g,0.034 g,0.082 g,0.077 g,0.116 g,0.092 g,0.029 g,0.057 g,0.125 g,4.11 g,2.0 g,1.30 g,0.79 g,0.00 g,0.42 g,0.00 g,0.00 g,0.08 g,0.22 g,0.048 g,0.000 g,0.105 g,0.00 mg,0.0 g,0.63 g,0.00 mg,0.00 mg,92.63 g
6074,"Squash, unprepared, frozen, includes skin, zucchini, summer",100 g,17,0.1g,,0,2.00 mg,0,10.00 mcg,0.00 mcg,0.433 mg,0.297 mg,0.042 mg,0.048 mg,198.00 IU,10.00 mcg,0.00 mcg,119.00 mcg,0.00 mcg,2102.00 mcg,0,0.00 mcg,0.050 mg,5.3 mg,0.00 IU,0.12 mg,0.12 mg,4.2 mcg,18.00 mg,0.050 mg,0.51 mg,13.00 mg,0.244 mg,28.00 mg,218.00 mg,0.2 mcg,0.21 mg,1.16 g,0.061 g,0.049 g,0.141 g,0.012 g,0.124 g,0.044 g,0.025 g,0,0.042 g,0.068 g,0.064 g,0.017 g,0.041 g,0.036 g,0.047 g,0.028 g,0.010 g,0.031 g,0.052 g,3.58 g,1.3 g,1.71 g,0,0,0,0,0,0,0.13 g,0.027 g,0.010 g,0.056 g,0.00 mg,0.0 g,0.43 g,0,0,94.70 g
118,"Cucumber, raw, peeled",100 g,12,0.2g,,0,2.00 mg,5.7 mg,14.00 mcg,0.00 mcg,0.037 mg,0.240 mg,0.025 mg,0.031 mg,72.00 IU,4.00 mcg,8.00 mcg,31.00 mcg,18.00 mcg,16.00 mcg,0,0.00 mcg,0.051 mg,3.2 mg,0.00 IU,0.03 mg,0.03 mg,7.2 mcg,14.00 mg,0.071 mg,0.22 mg,12.00 mg,0.073 mg,21.00 mg,136.00 mg,0.1 mcg,0.17 mg,0.59 g,0.031 g,0.031 g,0.037 g,0.007 g,0.204 g,0.025 g,0.002 g,0,0.012 g,0.025 g,0.025 g,0.012 g,0.031 g,0.012 g,0.025 g,0.012 g,0.007 g,0.002 g,0.012 g,2.16 g,0.7 g,1.38 g,0.75 g,0.00 g,0.63 g,0.00 g,0.00 g,0.00 g,0.16 g,0.013 g,0.002 g,0.003 g,0.00 mg,0.0 g,0.36 g,0.00 mg,0.00 mg,96.73 g
133,"Tomatoes, raw, green",100 g,23,0.2g,,0,13.00 mg,8.6 mg,9.00 mcg,0.00 mcg,0.500 mg,0.500 mg,0.040 mg,0.060 mg,642.00 IU,32.00 mcg,78.00 mcg,346.00 mcg,0.00 mcg,0.00 mcg,0,0.00 mcg,0.081 mg,23.4 mg,0.00 IU,0.38 mg,0.38 mg,10.1 mcg,13.00 mg,0.090 mg,0.51 mg,10.00 mg,0.100 mg,28.00 mg,204.00 mg,0.4 mcg,0.07 mg,1.20 g,0.034 g,0.029 g,0.166 g,0.016 g,0.442 g,0.030 g,0.018 g,0,0.029 g,0.044 g,0.044 g,0.010 g,0.031 g,0.023 g,0.032 g,0.030 g,0.009 g,0.021 g,0.031 g,5.10 g,1.1 g,4.00 g,0,0,0,0,0,0,0.20 g,0.028 g,0.030 g,0.081 g,0.00 mg,0.0 g,0.50 g,0.00 mg,0.00 mg,93.00 g
296,"Onions, raw, sweet",100 g,32,0.1g,,0,8.00 mg,5.5 mg,23.00 mcg,0,0.133 mg,0.098 mg,0.020 mg,0.041 mg,1.00 IU,0.00 mcg,0.00 mcg,1.00 mcg,0.00 mcg,6.00 mcg,0,0,0.130 mg,4.8 mg,0.00 IU,0.02 mg,0.02 mg,0.3 mcg,20.00 mg,0.056 mg,0.26 mg,9.00 mg,0.076 mg,27.00 mg,119.00 mg,0.5 mcg,0.13 mg,0.80 g,0.017 g,0.111 g,0.067 g,0.009 g,0.177 g,0.020 g,0.011 g,0,0.014 g,0.025 g,0.033 g,0.009 g,0.024 g,0.015 g,0.020 g,0.018 g,0.009 g,0.012 g,0.020 g,7.55 g,0.9 g,5.02 g,2.02 g,0.00 g,2.26 g,0.02 g,0.00 g,0.72 g,0.08 g,0,0,0,0.00 mg,0.0 g,0.34 g,0.00 mg,0.00 mg,91.24 g
625,"Garlic, raw",100 g,149,0.5g,0.1g,0,17.00 mg,23.2 mg,3.00 mcg,0.00 mcg,0.700 mg,0.596 mg,0.110 mg,0.200 mg,9.00 IU,0.00 mcg,0.00 mcg,5.00 mcg,0.00 mcg,16.00 mcg,0,0.00 mcg,1.235 mg,31.2 mg,0.00 IU,0.08 mg,0.08 mg,1.7 mcg,181.00 mg,0.299 mg,1.70 mg,25.00 mg,1.672 mg,153.00 mg,401.00 mg,14.2 mcg,1.16 mg,6.36 g,0.132 g,0.634 g,0.489 g,0.065 g,0.805 g,0.200 g,0.113 g,0,0.217 g,0.308 g,0.273 g,0.076 g,0.183 g,0.100 g,0.190 g,0.157 g,0.066 g,0.081 g,0.291 g,33.06 g,2.1 g,1.00 g,0,0,0,0,0,0,0.50 g,0.089 g,0.011 g,0.249 g,0.00 mg,0.0 g,1.50 g,0.00 mg,0.00 mg,58.58 g
1227,"Cabbage, salted, mustard",100 g,28,0.1g,,0,717.00 mg,21.5 mg,72.00 mcg,0.00 mcg,0.720 mg,0.186 mg,0.090 mg,0.040 mg,971.00 IU,49.00 mcg,140.00 mcg,513.00 mcg,0.00 mcg,29.00 mcg,0,0.00 mcg,0.300 mg,0.0 mg,0.00 IU,0.02 mg,0.02 mg,115.6 mcg,67.00 mg,0.034 mg,0.70 mg,15.00 mg,0.218 mg,27.00 mg,246.00 mg,0.9 mcg,0.30 mg,1.10 g,0,0,0,0,0,0,0,0,0,0,0,0,0,0,0,0,0,0,0,5.63 g,3.1 g,1.40 g,0,0,0,0,0,0,0.10 g,0.013 g,0.007 g,0.048 g,0.00 mg,0.0 g,1.07 g,0.00 mg,0.00 mg,92.10 g
2569,"Brussels sprouts, unprepared, frozen",100 g,41,0.4g,0.1g,0,10.00 mg,0,123.00 mcg,0.00 mcg,0.638 mg,0.285 mg,0.122 mg,0.105 mg,617.00 IU,31.00 mcg,0,370.00 mcg,0,0,0,0.00 mcg,0.202 mg,74.1 mg,0.00 IU,0,0,0,26.00 mg,0.033 mg,0.93 mg,20.00 mg,0.311 mg,62.00 mg,370.00 mg,1.5 mcg,0.31 mg,3.78 g,0,0.227 g,0,0.024 g,0,0,0.085 g,0,0.148 g,0.170 g,0.172 g,0.036 g,0.110 g,0,0,0.135 g,0.042 g,0,0.173 g,7.86 g,3.8 g,0,0,0,0,0,0,0,0.41 g,0.084 g,0.031 g,0.207 g,0.00 mg,0.0 g,0.88 g,0,0,87.07 g
3108,"Celery, with salt, drained, boiled, cooked",100 g,18,0.2g,,0,327.00 mg,7.9 mg,22.00 mcg,0.00 mcg,0.319 mg,0.195 mg,0.047 mg,0.043 mg,521.00 IU,26.00 mcg,0.00 mcg,313.00 mcg,0.00 mcg,329.00 mcg,0,0.00 mcg,0.086 mg,6.1 mg,0.00 IU,0.35 mg,0.35 mg,37.8 mcg,42.00 mg,0.036 mg,0.42 mg,12.00 mg,0.106 mg,25.00 mg,284.00 mg,1.0 mcg,0.14 mg,0.83 g,0.027 g,0.024 g,0.141 g,0.005 g,0.107 g,0.026 g,0.014 g,0,0.025 g,0.039 g,0.032 g,0.007 g,0.024 g,0.022 g,0.024 g,0.024 g,0.011 g,0.011 g,0.033 g,4.00 g,1.6 g,2.37 g,0.66 g,0.85 g,0.71 g,0.00 g,0.00 g,0.14 g,0.16 g,0.040 g,0.030 g,0.075 g,0.00 mg,0,0.90 g,0,0,94.11 g
1176,"Lettuce, raw, green leaf",100 g,15,0.2g,,0,28.00 mg,13.6 mg,38.00 mcg,0.00 mcg,0.375 mg,0.134 mg,0.080 mg,0.070 mg,7405.00 IU,370.00 mcg,0.00 mcg,4443.00 mcg,0.00 mcg,1730.00 mcg,0,0.00 mcg,0.090 mg,9.2 mg,0.00 IU,0.22 mg,0.22 mg,126.3 mcg,36.00 mg,0.029 mg,0.86 mg,13.00 mg,0.250 mg,29.00 mg,194.00 mg,0.6 mcg,0.18 mg,1.36 g,0.056 g,0.071 g,0.142 g,0.016 g,0.182 g,0.057 g,0.022 g,0,0.084 g,0.079 g,0.084 g,0.016 g,0.055 g,0.048 g,0.039 g,0.059 g,0.009 g,0.032 g,0.070 g,2.87 g,1.3 g,0.78 g,0.43 g,0.00 g,0.36 g,0.00 g,0.00 g,0.00 g,0.15 g,0.020 g,0.006 g,0.082 g,0.00 mg,0.0 g,0.62 g,0.00 mg,0.00 mg,94.98 g
1309,"Apples, with skin, raw",100 g,52,0.2g,,0,1.00 mg,3.4 mg,3.00 mcg,0.00 mcg,0.091 mg,0.061 mg,0.026 mg,0.017 mg,54.00 IU,3.00 mcg,0.00 mcg,27.00 mcg,11.00 mcg,29.00 mcg,0,0.00 mcg,0.041 mg,4.6 mg,0.00 IU,0.18 mg,0.18 mg,2.2 mcg,6.00 mg,0.027 mg,0.12 mg,5.00 mg,0.035 mg,11.00 mg,107.00 mg,0.0 mcg,0.04 mg,0.26 g,0.011 g,0.006 g,0.070 g,0.001 g,0.025 g,0.009 g,0.005 g,0,0.006 g,0.013 g,0.012 g,0.001 g,0.006 g,0.006 g,0.010 g,0.006 g,0.001 g,0.001 g,0.012 g,13.81 g,2.4 g,10.39 g,5.90 g,0.00 g,2.43 g,0.00 g,0.00 g,2.07 g,0.17 g,0.028 g,0.007 g,0.051 g,0.00 mg,0.0 g,0.19 g,0.00 mg,0.00 mg,85.56 g
613,"Bananas, raw",100 g,89,0.3g,0.1g,0,1.00 mg,9.8 mg,20.00 mcg,0.00 mcg,0.665 mg,0.334 mg,0.073 mg,0.031 mg,64.00 IU,3.00 mcg,25.00 mcg,26.00 mcg,0.00 mcg,22.00 mcg,0,0.00 mcg,0.367 mg,8.7 mg,0.00 IU,0.10 mg,0.10 mg,0.5 mcg,5.00 mg,0.078 mg,0.26 mg,27.00 mg,0.270 mg,22.00 mg,358.00 mg,1.0 mcg,0.15 mg,1.09 g,0.040 g,0.049 g,0.124 g,0.009 g,0.152 g,0.038 g,0.077 g,0,0.028 g,0.068 g,0.050 g,0.008 g,0.049 g,0.028 g,0.040 g,0.028 g,0.009 g,0.009 g,0.047 g,22.84 g,2.6 g,12.23 g,4.85 g,0.00 g,4.98 g,0.00 g,0.01 g,2.39 g,0.33 g,0.112 g,0.032 g,0.073 g,0.00 mg,0.0 g,0.82 g,0.00 mg,0.00 mg,74.91 g
624,"Mangos, raw",100 g,60,0.4g,0.1g,0,1.00 mg,7.6 mg,43.00 mcg,0.00 mcg,0.669 mg,0.197 mg,0.038 mg,0.028 mg,1082.00 IU,54.00 mcg,9.00 mcg,640.00 mcg,10.00 mcg,23.00 mcg,0,0.00 mcg,0.119 mg,36.4 mg,0.00 IU,0.90 mg,0.90 mg,4.2 mcg,11.00 mg,0.111 mg,0.16 mg,10.00 mg,0.063 mg,14.00 mg,168.00 mg,0.6 mcg,0.09 mg,0.82 g,0.082 g,0.031 g,0.068 g,0,0.096 g,0.034 g,0.019 g,0,0.029 g,0.050 g,0.066 g,0.008 g,0.027 g,0.029 g,0.035 g,0.031 g,0.013 g,0.016 g,0.042 g,14.98 g,1.6 g,13.66 g,4.68 g,0.00 g,2.01 g,0.00 g,0.00 g,6.97 g,0.38 g,0.092 g,0.140 g,0.071 g,0.00 mg,0.0 g,0.36 g,0.00 mg,0.00 mg,83.46 g
1107,"Avocados, California, raw",100 g,167,15g,2.1g,0,8.00 mg,14.2 mg,89.00 mcg,0.00 mcg,1.912 mg,1.463 mg,0.143 mg,0.075 mg,147.00 IU,7.00 mcg,24.00 mcg,63.00 mcg,27.00 mcg,271.00 mcg,0,0.00 mcg,0.287 mg,8.8 mg,0.00 IU,1.97 mg,1.97 mg,21.0 mcg,13.00 mg,0.170 mg,0.61 mg,29.00 mg,0.149 mg,54.00 mg,507.00 mg,0.4 mcg,0.68 mg,1.96 g,0.106 g,0.087 g,0.232 g,0.027 g,0.282 g,0.102 g,0.048 g,0,0.083 g,0.141 g,0.129 g,0.037 g,0.095 g,0.096 g,0.112 g,0.072 g,0.025 g,0.048 g,0.105 g,8.64 g,6.8 g,0.30 g,0.08 g,0.08 g,0.08 g,0.00 g,0.00 g,0.06 g,15.41 g,2.126 g,9.799 g,1.816 g,0.00 mg,0,1.66 g,0,0,72.33 g
1299,"Oranges, with peel, raw",100 g,63,0.3g,,0,2.00 mg,0,30.00 mcg,0.00 mcg,0.500 mg,0.330 mg,0.050 mg,0.100 mg,250.00 IU,13.00 mcg,0,0,0,0,0,0.00 mcg,0.093 mg,71.0 mg,0,0,0,0,70.00 mg,0.057 mg,0.80 mg,14.00 mg,0,22.00 mg,196.00 mg,0.7 mcg,0.11 mg,1.30 g,0.070 g,0.090 g,0.158 g,0.014 g,0.131 g,0.131 g,0.024 g,0,0.035 g,0.032 g,0.066 g,0.027 g,0.043 g,0.064 g,0.045 g,0.021 g,0.012 g,0.022 g,0.055 g,15.50 g,4.5 g,0,0,0,0,0,0,0,0.30 g,0.035 g,0.055 g,0.060 g,0.00 mg,0.0 g,0.60 g,0.00 mg,0.00 mg,82.30 g
2238,"Grapes, raw, american type (slip skin)",100 g,67,0.4g,0.1g,0,2.00 mg,5.6 mg,4.00 mcg,0.00 mcg,0.300 mg,0.024 mg,0.057 mg,0.092 mg,100.00 IU,5.00 mcg,1.00 mcg,59.00 mcg,0.00 mcg,72.00 mcg,0,0.00 mcg,0.110 mg,4.0 mg,0.00 IU,0.19 mg,0.19 mg,14.6 mcg,14.00 mg,0.040 mg,0.29 mg,5.00 mg,0.718 mg,10.00 mg,191.00 mg,0.1 mcg,0.04 mg,0.63 g,0.026 g,0.046 g,0.077 g,0.010 g,0.131 g,0.019 g,0.023 g,0,0.005 g,0.013 g,0.014 g,0.021 g,0.013 g,0.021 g,0.030 g,0.017 g,0.003 g,0.011 g,0.017 g,17.15 g,0.9 g,16.25 g,0,0,0,0,0,0,0.35 g,0.114 g,0.014 g,0.102 g,0.00 mg,0.0 g,0.57 g,0.00 mg,0.00 mg,81.30 g
452,"Watermelon, raw",100 g,30,0.2g,,0,1.00 mg,4.1 mg,3.00 mcg,0.00 mcg,0.178 mg,0.221 mg,0.021 mg,0.033 mg,569.00 IU,28.00 mcg,0.00 mcg,303.00 mcg,78.00 mcg,8.00 mcg,0,0.00 mcg,0.045 mg,8.1 mg,0.00 IU,0.05 mg,0.05 mg,0.1 mcg,7.00 mg,0.042 mg,0.24 mg,10.00 mg,0.038 mg,11.00 mg,112.00 mg,0.4 mcg,0.10 mg,0.61 g,0.017 g,0.059 g,0.039 g,0.002 g,0.063 g,0.010 g,0.006 g,0,0.019 g,0.018 g,0.062 g,0.006 g,0.015 g,0.024 g,0.016 g,0.027 g,0.007 g,0.012 g,0.016 g,7.55 g,0.4 g,6.20 g,3.36 g,0.00 g,1.58 g,0.00 g,0.06 g,1.21 g,0.15 g,0.016 g,0.037 g,0.050 g,0.00 mg,0.0 g,0.25 g,0.00 mg,0.00 mg,91.45 g
769,"Pineapple, all varieties, raw",100 g,50,0.1g,,0,1.00 mg,5.5 mg,18.00 mcg,0.00 mcg,0.500 mg,0.213 mg,0.032 mg,0.079 mg,58.00 IU,3.00 mcg,0.00 mcg,35.00 mcg,0.00 mcg,0.00 mcg,0,0.00 mcg,0.112 mg,47.8 mg,0.00 IU,0.02 mg,0.02 mg,0.7 mcg,13.00 mg,0.110 mg,0.29 mg,12.00 mg,0.927 mg,8.00 mg,109.00 mg,0.1 mcg,0.12 mg,0.54 g,0.033 g,0.019 g,0.121 g,0.014 g,0.079 g,0.024 g,0.010 g,0,0.019 g,0.024 g,0.026 g,0.012 g,0.021 g,0.017 g,0.035 g,0.019 g,0.005 g,0.019 g,0.024 g,13.12 g,1.4 g,9.85 g,2.12 g,0.00 g,1.73 g,0.00 g,0.00 g,5.99 g,0.12 g,0.009 g,0.013 g,0.040 g,0.00 mg,0.0 g,0.22 g,0.00 mg,0.00 mg,86.00 g
1927,"Kiwifruit, raw, ZESPRI SunGold",100 g,63,0.3g,0.1g,0,3.00 mg,1.9 mg,31.00 mcg,0.00 mcg,0.231 mg,0.120 mg,0.074 mg,0.000 mg,23.00 IU,1.00 mcg,0.00 mcg,14.00 mcg,0,24.00 mcg,0,0.08 mcg,0.079 mg,161.3 mg,0.00 IU,1.40 mg,1.40 mg,6.1 mcg,17.00 mg,0.151 mg,0.21 mg,12.00 mg,0.048 mg,25.00 mg,315.00 mg,0.4 mcg,0.08 mg,1.02 g,0,0,0,0,0,0,0,0,0,0,0,0,0,0,0,0,0,0,0,15.79 g,1.4 g,12.30 g,5.80 g,0.00 g,5.28 g,0.00 g,0.00 g,1.22 g,0.28 g,0.065 g,0.023 g,0.111 g,0.00 mg,0.0 g,0.47 g,0.00 mg,0.00 mg,82.44 g
614,"Papayas, raw",100 g,43,0.3g,0.1g,0,8.00 mg,6.1 mg,37.00 mcg,0.00 mcg,0.357 mg,0.191 mg,0.027 mg,0.023 mg,950.00 IU,47.00 mcg,2.00 mcg,274.00 mcg,589.00 mcg,89.00 mcg,0,0.00 mcg,0.038 mg,60.9 mg,0.00 IU,0.30 mg,0.30 mg,2.6 mcg,20.00 mg,0.045 mg,0.25 mg,21.00 mg,0.040 mg,10.00 mg,182.00 mg,0.6 mcg,0.08 mg,0.47 g,0.014 g,0.010 g,0.049 g,0,0.033 g,0.018 g,0.005 g,0,0.008 g,0.016 g,0.025 g,0.002 g,0.009 g,0.010 g,0.015 g,0.011 g,0.008 g,0.005 g,0.010 g,10.82 g,1.7 g,7.82 g,3.73 g,0.00 g,4.09 g,0.00 g,0.00 g,0.00 g,0.26 g,0.081 g,0.072 g,0.058 g,0.00 mg,0.0 g,0.39 g,0.00 mg,0.00 mg,88.06 g
170,"Peaches, raw, yellow",100 g,39,0.3g,,0,0.00 mg,6.1 mg,4.00 mcg,0.00 mcg,0.806 mg,0.153 mg,0.031 mg,0.024 mg,326.00 IU,16.00 mcg,0.00 mcg,162.00 mcg,67.00 mcg,91.00 mcg,0,0.00 mcg,0.025 mg,6.6 mg,0.00 IU,0.73 mg,0.73 mg,2.6 mcg,6.00 mg,0.068 mg,0.25 mg,9.00 mg,0.061 mg,20.00 mg,190.00 mg,0.1 mcg,0.17 mg,0.91 g,0.028 g,0.018 g,0.418 g,0.012 g,0.056 g,0.021 g,0.013 g,0,0.017 g,0.027 g,0.030 g,0.010 g,0.019 g,0.018 g,0.032 g,0.016 g,0.010 g,0.014 g,0.022 g,9.54 g,1.5 g,8.39 g,1.53 g,0.06 g,1.95 g,0.00 g,0.08 g,4.76 g,0.25 g,0.019 g,0.067 g,0.086 g,0.00 mg,0.0 g,0.43 g,0.00 mg,0.00 mg,88.87 g
1225,"Cherries, raw, red, sour",100 g,50,0.3g,0.1g,0,3.00 mg,6.1 mg,8.00 mcg,0.00 mcg,0.400 mg,0.143 mg,0.040 mg,0.030 mg,1283.00 IU,64.00 mcg,0.00 mcg,770.00 mcg,0.00 mcg,85.00 mcg,0,0.00 mcg,0.044 mg,10.0 mg,0.00 IU,0.07 mg,0.07 mg,2.1 mcg,16.00 mg,0.104 mg,0.32 mg,9.00 mg,0.112 mg,15.00 mg,173.00 mg,0.0 mcg,0.10 mg,1.00 g,0,0,0,0,0,0,0,0,0,0,0,0,0,0,0,0,0,0,0,12.18 g,1.6 g,8.49 g,3.51 g,0.00 g,4.18 g,0.00 g,0.00 g,0.80 g,0.30 g,0.068 g,0.082 g,0.090 g,0.00 mg,0.0 g,0.40 g,0.00 mg,0.00 mg,86.13 g
1083,"Lemons, without peel, raw",100 g,29,0.3g,,0,2.00 mg,5.1 mg,11.00 mcg,0.00 mcg,0.100 mg,0.190 mg,0.020 mg,0.040 mg,22.00 IU,1.00 mcg,1.00 mcg,3.00 mcg,20.00 mcg,11.00 mcg,0,0.00 mcg,0.080 mg,53.0 mg,0.00 IU,0.15 mg,0.15 mg,0.0 mcg,26.00 mg,0.037 mg,0.60 mg,8.00 mg,0.030 mg,16.00 mg,138.00 mg,0.4 mcg,0.06 mg,1.10 g,0,0,0,0,0,0,0,0,0,0,0,0,0,0,0,0,0,0,0,9.32 g,2.8 g,2.50 g,0,0,0,0,0,0,0.30 g,0.039 g,0.011 g,0.089 g,0.00 mg,0.0 g,0.30 g,0.00 mg,0.00 mg,88.98 g
645,"Limes, raw",100 g,30,0.2g,,0,2.00 mg,5.1 mg,8.00 mcg,0.00 mcg,0.200 mg,0.217 mg,0.020 mg,0.030 mg,50.00 IU,2.00 mcg,0.00 mcg,30.00 mcg,0.00 mcg,0.00 mcg,0,0.00 mcg,0.043 mg,29.1 mg,0.00 IU,0.22 mg,0.22 mg,0.6 mcg,33.00 mg,0.065 mg,0.60 mg,6.00 mg,0.008 mg,18.00 mg,102.00 mg,0.4 mcg,0.11 mg,0.70 g,0,0,0,0,0,0,0,0,0,0,0.014 g,0.002 g,0,0,0,0,0.003 g,0,0,10.54 g,2.8 g,1.69 g,0,0,0,0,0,0,0.20 g,0.022 g,0.019 g,0.055 g,0.00 mg,0.0 g,0.30 g,0.00 mg,0.00 mg,88.26 g
1427,"Grapefruit, California, white, raw",100 g,37,0.1g,,0,0.00 mg,0,12.00 mcg,0.00 mcg,0.269 mg,0.283 mg,0.020 mg,0.037 mg,10.00 IU,0.00 mcg,0,0,0,0,0,0.00 mcg,0.043 mg,33.3 mg,0.00 IU,0,0,0,12.00 mg,0.032 mg,0.08 mg,9.00 mg,0.020 mg,12.00 mg,143.00 mg,0,0.07 mg,0.88 g,0.028 g,0.099 g,0.157 g,0.009 g,0.225 g,0.017 g,0.009 g,0,0.009 g,0.017 g,0.022 g,0.008 g,0.053 g,0.072 g,0.032 g,0.015 g,0.009 g,0.009 g,0.017 g,9.09 g,0,0,0,0,0,0,0,0,0.10 g,0.014 g,0.013 g,0.024 g,0.00 mg,0,0.35 g,0,0,89.58 g
330,"Pomegranates, raw",100 g,83,1.2g,0.1g,0,3.00 mg,7.6 mg,38.00 mcg,0.00 mcg,0.293 mg,0.377 mg,0.053 mg,0.067 mg,0.00 IU,0.00 mcg,0.00 mcg,0.00 mcg,0.00 mcg,0.00 mcg,0,0.00 mcg,0.075 mg,10.2 mg,0.00 IU,0.60 mg,0.60 mg,16.4 mcg,10.00 mg,0.158 mg,0.30 mg,12.00 mg,0.119 mg,36.00 mg,236.00 mg,0.5 mcg,0.35 mg,1.67 g,0,0,0,0,0,0,0,0,0,0,0,0,0,0,0,0,0,0,0,18.70 g,4.0 g,13.67 g,0,0,0,0,0,0,1.17 g,0.120 g,0.093 g,0.079 g,0.00 mg,0.0 g,0.53 g,0.00 mg,0.00 mg,77.93 g
331,"Pears, raw, asian",100 g,42,0.2g,,0,0.00 mg,5.1 mg,8.00 mcg,0.00 mcg,0.219 mg,0.070 mg,0.010 mg,0.009 mg,0.00 IU,0.00 mcg,0.00 mcg,0.00 mcg,0.00 mcg,50.00 mcg,0,0.00 mcg,0.022 mg,3.8 mg,0.00 IU,0.12 mg,0.12 mg,4.5 mcg,4.00 mg,0.050 mg,0.00 mg,8.00 mg,0.060 mg,11.00 mg,121.00 mg,0.1 mcg,0.02 mg,0.50 g,0.017 g,0.009 g,0.098 g,0.005 g,0.036 g,0.014 g,0.005 g,0,0.014 g,0.025 g,0.017 g,0.006 g,0.013 g,0.016 g,0.018 g,0.013 g,0.005 g,0.004 g,0.018 g,10.65 g,3.6 g,7.05 g,0,0,0,0,0,0,0.23 g,0.012 g,0.049 g,0.055 g,0.00 mg,0.0 g,0.37 g,0.00 mg,0.00 mg,88.25 g
493,"Dates, medjool",100 g,277,0.2g,,0,1.00 mg,9.9 mg,15.00 mcg,0.00 mcg,1.610 mg,0.805 mg,0.060 mg,0.050 mg,149.00 IU,7.00 mcg,0.00 mcg,89.00 mcg,0.00 mcg,23.00 mcg,0,0,0.249 mg,0.0 mg,0.00 IU,0,0,2.7 mcg,64.00 mg,0.362 mg,0.90 mg,54.00 mg,0.296 mg,62.00 mg,696.00 mg,0,0.44 mg,1.81 g,0.078 g,0.060 g,0.220 g,0.046 g,0.265 g,0.090 g,0.029 g,0,0.045 g,0.082 g,0.054 g,0.017 g,0.048 g,0.111 g,0.062 g,0.042 g,0.007 g,0.016 g,0.066 g,74.97 g,6.7 g,66.47 g,31.95 g,0.00 g,33.68 g,0.00 g,0.30 g,0.53 g,0.15 g,0,0,0,0,0,1.74 g,0,0,21.32 g
788,"Oil, salad or cooking, olive",100 g,884,100g,14g,0,2.00 mg,0.3 mg,0.00 mcg,0.00 mcg,0.000 mg,0.000 mg,0.000 mg,0.000 mg,0.00 IU,0.00 mcg,0.00 mcg,0.00 mcg,0.00 mcg,0.00 mcg,0,0.00 mcg,0.000 mg,0.0 mg,0.00 IU,14.35 mg,14.35 mg,60.2 mcg,1.00 mg,0.000 mg,0.56 mg,0.00 mg,0.000 mg,0.00 mg,1.00 mg,0.0 mcg,0.00 mg,0.00 g,0.000 g,0.000 g,0.000 g,0.000 g,0.000 g,0.000 g,0.000 g,0,0.000 g,0.000 g,0.000 g,0.000 g,0.000 g,0.000 g,0.000 g,0.000 g,0.000 g,0.000 g,0.000 g,0.00 g,0.0 g,0.00 g,0,0,0,0,0,0,100.00 g,13.808 g,72.961 g,10.523 g,0.00 mg,0.0 g,0.00 g,0.00 mg,0.00 mg,0.00 g
775,"Ice creams, light, chocolate",100 g,187,7.2g,4.4g,28mg,71.00 mg,19.6 mg,4.00 mcg,0.00 mcg,0.126 mg,0.246 mg,0.129 mg,0.023 mg,425.00 IU,71.00 mcg,0.00 mcg,135.00 mcg,0.00 mcg,1.00 mcg,0,0.14 mcg,0.023 mg,1.2 mg,5.00 IU,0.20 mg,0.20 mg,0.6 mcg,159.00 mg,0.103 mg,0.69 mg,20.00 mg,0.101 mg,83.00 mg,170.00 mg,2.2 mcg,0.43 mg,5.00 g,0,0,0,0,0,0,0,0,0,0,0,0,0,0,0,0,0,0,0,25.70 g,0.8 g,24.71 g,0,0,0,0,0,0,7.19 g,4.380 g,2.055 g,0.241 g,28.00 mg,0.0 g,0.69 g,2.00 mg,69.00 mg,61.43 g
6915,"Oil, roasting nuts, oil sprays, principal uses candy coatings, coconut, industrial",100 g,884,100g,86g,0,0.00 mg,0.3 mg,0.00 mcg,0.00 mcg,0.000 mg,0.000 mg,0.000 mg,0.000 mg,0.00 IU,0.00 mcg,0.00 mcg,0.00 mcg,0.00 mcg,0.00 mcg,0,0.00 mcg,0.000 mg,0.0 mg,0,0.09 mg,0.09 mg,0.5 mcg,0.00 mg,0.000 mg,0.04 mg,0.00 mg,0.000 mg,0.00 mg,0.00 mg,0.0 mcg,0.00 mg,0.00 g,0.000 g,0.000 g,0.000 g,0.000 g,0.000 g,0.000 g,0.000 g,0,0.000 g,0.000 g,0.000 g,0.000 g,0.000 g,0.000 g,0.000 g,0.000 g,0.000 g,0.000 g,0.000 g,0.00 g,0.0 g,0.00 g,0,0,0,0,0,0,100.00 g,86.002 g,5.935 g,1.657 g,0.00 mg,0.0 g,0.00 g,0.00 mg,0.00 mg,0.00 g
538,"Nuts, almonds",100 g,579,50g,3.8g,0,1.00 mg,52.1 mg,44.00 mcg,0.00 mcg,3.618 mg,0.471 mg,1.138 mg,0.205 mg,2.00 IU,0.00 mcg,0.00 mcg,1.00 mcg,0.00 mcg,1.00 mcg,0,0.00 mcg,0.137 mg,0.0 mg,0.00 IU,25.63 mg,25.63 mg,0.0 mcg,269.00 mg,1.031 mg,3.71 mg,270.00 mg,2.179 mg,481.00 mg,733.00 mg,4.1 mcg,3.12 mg,21.15 g,0.999 g,2.465 g,2.639 g,0.215 g,6.206 g,1.429 g,0.539 g,0,0.751 g,1.473 g,0.568 g,0.157 g,1.132 g,0.969 g,0.912 g,0.601 g,0.211 g,0.450 g,0.855 g,21.55 g,12.5 g,4.35 g,0.11 g,0.07 g,0.17 g,0.00 g,0.04 g,3.95 g,49.93 g,3.802 g,31.551 g,12.329 g,0.00 mg,0.0 g,2.97 g,0.00 mg,0.00 mg,4.41 g
635,"Oil, walnut",100 g,884,100g,9.1g,0,0.00 mg,0.4 mg,0.00 mcg,0.00 mcg,0.000 mg,0.000 mg,0.000 mg,0.000 mg,0.00 IU,0.00 mcg,0.00 mcg,0.00 mcg,0.00 mcg,0.00 mcg,0,0.00 mcg,0.000 mg,0.0 mg,0.00 IU,0.40 mg,0.40 mg,15.0 mcg,0.00 mg,0.000 mg,0.00 mg,0.00 mg,0,0.00 mg,0.00 mg,0.0 mcg,0.00 mg,0.00 g,0.000 g,0.000 g,0.000 g,0.000 g,0.000 g,0.000 g,0.000 g,0,0.000 g,0.000 g,0.000 g,0.000 g,0.000 g,0.000 g,0.000 g,0.000 g,0.000 g,0.000 g,0.000 g,0.00 g,0.0 g,0.00 g,0,0,0,0,0,0,100.00 g,9.100 g,22.800 g,63.300 g,0.00 mg,0.0 g,0.00 g,0.00 mg,0.00 mg,0.00 g
3038,"Peanuts, with salt, oil-roasted, all types",100 g,599,53g,8.7g,0,320.00 mg,55.3 mg,120.00 mcg,0.00 mcg,13.825 mg,1.202 mg,0.089 mg,0.085 mg,0.00 IU,0.00 mcg,0.00 mcg,0.00 mcg,0.00 mcg,0.00 mcg,0,0.00 mcg,0.461 mg,0.8 mg,0.00 IU,6.94 mg,6.94 mg,0.0 mcg,61.00 mg,0.533 mg,1.52 mg,176.00 mg,1.845 mg,397.00 mg,726.00 mg,3.3 mcg,3.28 mg,28.03 g,1.092 g,3.247 g,3.272 g,0.375 g,5.422 g,1.621 g,0.655 g,0,0.978 g,1.812 g,0.945 g,0.291 g,1.427 g,1.173 g,1.285 g,0.610 g,0.231 g,1.006 g,1.146 g,15.26 g,9.4 g,4.18 g,0.08 g,0.00 g,0.08 g,0.00 g,0.00 g,4.03 g,52.50 g,8.655 g,25.995 g,15.303 g,0.00 mg,0.0 g,2.75 g,0.00 mg,0.00 mg,1.45 g
1181,"Seeds, dried, chia seeds",100 g,486,31g,3.3g,0,16.00 mg,0,49.00 mcg,0,8.830 mg,0,0.170 mg,0.620 mg,54.00 IU,0,0,0,0,0,0,0.00 mcg,0,1.6 mg,0,0.50 mg,0.50 mg,0,631.00 mg,0.924 mg,7.72 mg,335.00 mg,2.723 mg,860.00 mg,407.00 mg,55.2 mcg,4.58 mg,16.54 g,1.044 g,2.143 g,1.689 g,0.407 g,3.500 g,0.943 g,0.531 g,0,0.801 g,1.371 g,0.970 g,0.588 g,1.016 g,0.776 g,1.049 g,0.709 g,0.436 g,0.563 g,0.950 g,42.12 g,34.4 g,0,0,0,0,0,0,0,30.74 g,3.330 g,2.309 g,23.665 g,0.00 mg,0,4.80 g,0,0,5.80 g
1468,"Peanut butter, reduced fat, smooth",100 g,520,34g,5.8g,0,540.00 mg,63.4 mg,60.00 mcg,0.00 mcg,14.600 mg,1.066 mg,0.060 mg,0.270 mg,0.00 IU,0.00 mcg,0.00 mcg,0.00 mcg,0.00 mcg,0.00 mcg,0,0.00 mcg,0.310 mg,0.0 mg,0.00 IU,9.04 mg,9.04 mg,0.6 mcg,35.00 mg,0.580 mg,1.90 mg,170.00 mg,1.475 mg,369.00 mg,669.00 mg,7.5 mcg,2.80 mg,25.90 g,0,0,0,0,0,0,0,0,0,0,0,0,0,0,0,0,0,0,0,35.65 g,5.2 g,9.28 g,0,0,0,0,0,0,34.00 g,5.760 g,16.156 g,9.182 g,0.00 mg,0.0 g,3.25 g,0.00 mg,0.00 mg,1.20 g
1828,"Soymilk (All flavors), enhanced",100 g,45,2g,0.2g,0,50.00 mg,0,32.00 mcg,0,3.292 mg,0,0.199 mg,0.062 mg,393.00 IU,0,0,0,0,0,0,1.08 mcg,0.233 mg,7.2 mg,47.00 IU,2.52 mg,2.52 mg,0,140.00 mg,0.123 mg,0.49 mg,0,0,0,141.00 mg,2.3 mcg,0.24 mg,2.94 g,0,0,0,0,0,0,0,0,0,0,0,0,0,0,0,0,0,0,0,3.45 g,0.4 g,2.53 g,0,0,0,0,0,0,1.99 g,0.206 g,0.412 g,1.190 g,0.00 mg,0,0.64 g,0,0,90.98 g
4651,"Beverages, ready-to-drink, chocolate, almond milk",100 g,50,1.3g,,0,71.00 mg,2.0 mg,1.00 mcg,0.00 mcg,0.103 mg,0.035 mg,0.177 mg,0.022 mg,208.00 IU,63.00 mcg,0.00 mcg,0.00 mcg,0.00 mcg,0.00 mcg,0,1.25 mcg,0.006 mg,4.4 mg,42.00 IU,2.81 mg,2.81 mg,0.0 mcg,188.00 mg,0.067 mg,0.53 mg,12.00 mg,0.083 mg,19.00 mg,75.00 mg,0.2 mcg,0.63 mg,0.63 g,0.026 g,0.061 g,0.073 g,0.005 g,0.170 g,0.037 g,0.014 g,0,0.018 g,0.037 g,0.014 g,0.004 g,0.028 g,0.026 g,0.024 g,0.015 g,0.005 g,0.011 g,0.020 g,9.38 g,0.4 g,8.75 g,0,0,0,0,0,0,1.25 g,0.000 g,0.625 g,0.208 g,0.00 mg,0.0 g,0.37 g,0.00 mg,4.00 mg,88.43 g
4859,"Milk, without added vitamin A and vitamin D, 1% fat, fluid",100 g,42,1g,0.6g,5mg,44.00 mg,17.7 mg,5.00 mcg,0.00 mcg,0.093 mg,0.361 mg,0.185 mg,0.020 mg,47.00 IU,14.00 mcg,0.00 mcg,2.00 mcg,0.00 mcg,0.00 mcg,0,0.47 mcg,0.037 mg,0.0 mg,1.00 IU,0.01 mg,0.01 mg,0.1 mcg,125.00 mg,0.010 mg,0.03 mg,11.00 mg,0.003 mg,95.00 mg,150.00 mg,3.3 mcg,0.42 mg,3.37 g,0.114 g,0.096 g,0.288 g,0.020 g,0.756 g,0.067 g,0.101 g,0.000 g,0.174 g,0.319 g,0.282 g,0.088 g,0.174 g,0.332 g,0.203 g,0.143 g,0.043 g,0.170 g,0.220 g,4.99 g,0.0 g,5.20 g,0.00 g,0.00 g,0.00 g,5.20 g,0.00 g,0.00 g,0.97 g,0.633 g,0.277 g,0.035 g,5.00 mg,0.0 g,0.75 g,0.00 mg,0.00 mg,89.92 g
368,"Strawberries, raw",100 g,32,0.3g,,0,1.00 mg,5.7 mg,24.00 mcg,0.00 mcg,0.386 mg,0.125 mg,0.022 mg,0.024 mg,12.00 IU,1.00 mcg,0.00 mcg,7.00 mcg,0.00 mcg,26.00 mcg,0,0.00 mcg,0.047 mg,58.8 mg,0.00 IU,0.29 mg,0.29 mg,2.2 mcg,16.00 mg,0.048 mg,0.41 mg,13.00 mg,0.386 mg,24.00 mg,153.00 mg,0.4 mcg,0.14 mg,0.67 g,0.033 g,0.028 g,0.149 g,0.006 g,0.098 g,0.026 g,0.012 g,0,0.016 g,0.034 g,0.026 g,0.002 g,0.019 g,0.020 g,0.025 g,0.020 g,0.008 g,0.022 g,0.019 g,7.68 g,2.0 g,4.89 g,2.44 g,0.00 g,1.99 g,0.00 g,0.00 g,0.47 g,0.30 g,0.015 g,0.043 g,0.155 g,0.00 mg,0.0 g,0.40 g,0.00 mg,0.00 mg,90.95 g
425,"Blueberries, raw",100 g,57,0.3g,,0,1.00 mg,6.0 mg,6.00 mcg,0.00 mcg,0.418 mg,0.124 mg,0.041 mg,0.037 mg,54.00 IU,3.00 mcg,0.00 mcg,32.00 mcg,0.00 mcg,80.00 mcg,0,0.00 mcg,0.052 mg,9.7 mg,0.00 IU,0.57 mg,0.57 mg,19.3 mcg,6.00 mg,0.057 mg,0.28 mg,6.00 mg,0.336 mg,12.00 mg,77.00 mg,0.1 mcg,0.16 mg,0.74 g,0.031 g,0.037 g,0.057 g,0.008 g,0.091 g,0.031 g,0.011 g,0,0.023 g,0.044 g,0.013 g,0.012 g,0.026 g,0.028 g,0.022 g,0.020 g,0.003 g,0.009 g,0.031 g,14.49 g,2.4 g,9.96 g,4.97 g,0.00 g,4.88 g,0.00 g,0.00 g,0.11 g,0.33 g,0.028 g,0.047 g,0.146 g,0.00 mg,0.0 g,0.24 g,0.00 mg,0.00 mg,84.21 g
1763,"Raspberries, unsweetened, frozen",100 g,52,0.7g,,0,1.00 mg,12.3 mg,21.00 mcg,0.00 mcg,0.598 mg,0.329 mg,0.038 mg,0.032 mg,33.00 IU,2.00 mcg,16.00 mcg,12.00 mcg,0.00 mcg,136.00 mcg,0,0.00 mcg,0.055 mg,26.2 mg,0.00 IU,0.87 mg,0.87 mg,7.8 mcg,25.00 mg,0.090 mg,0.69 mg,22.00 mg,0.670 mg,29.00 mg,151.00 mg,0.2 mcg,0.42 mg,1.20 g,0,0,0,0,0,0,0,0,0,0,0,0,0,0,0,0,0,0,0,11.94 g,6.5 g,4.42 g,2.35 g,0.00 g,1.86 g,0.00 g,0.00 g,0.20 g,0.65 g,0,0,0,0.00 mg,0.0 g,0.46 g,0.00 mg,0.00 mg,85.75 g
